{"cameraMode":{"drawMode":0,"name":"Shaded","section":"Shading Mode"},"sceneLighting":false,"audioPlay":false,"sceneViewState":{"showFog":true,"showMaterialUpdate":false,"showSkybox":true,"showFlares":true,"showImageEffects":true,"showParticleSystems":true},"in2DMode":false,"pivot":{"x":-417.5693359375,"y":-16.244443893432618,"z":1300.4317626953125},"rotation":{"x":-0.13004657626152039,"y":-0.07666515558958054,"z":0.01008668914437294,"w":-0.9884911179542542},"size":58.80730438232422,"orthographic":false}