{"cameraMode":{"drawMode":0,"name":"Shaded","section":"Shading Mode"},"sceneLighting":false,"audioPlay":false,"sceneViewState":{"showFog":true,"showMaterialUpdate":false,"showSkybox":false,"showFlares":true,"showImageEffects":true,"showParticleSystems":true},"in2DMode":false,"pivot":{"x":-408.2011413574219,"y":-13.971473693847657,"z":1263.167724609375},"rotation":{"x":0.06901107728481293,"y":0.17770281434059144,"z":0.012493510730564595,"w":-0.9815835952758789},"size":13.09228801727295,"orthographic":false}