{"cameraMode":{"drawMode":0,"name":"Shaded","section":"Shading Mode"},"sceneLighting":false,"audioPlay":false,"sceneViewState":{"showFog":true,"showMaterialUpdate":false,"showSkybox":true,"showFlares":true,"showImageEffects":true,"showParticleSystems":true},"in2DMode":false,"pivot":{"x":-2.6977460384368898,"y":11.62449836730957,"z":-18.917739868164064},"rotation":{"x":-0.16398628056049348,"y":-0.08217090368270874,"z":0.013709256425499916,"w":-0.9829429984092712},"size":3.458211898803711,"orthographic":false}